<?xml version="1.0" encoding="UTF-8" standalone="yes"?>
<app version="1">
	<name>Retro Tennis 2</name>
	<version>1.0</version>
	<release_date>20210719104027</release_date>
	<coder>ZombieNW</coder>
	<short_description>A fancy pong clone for Wii</short_description>
	<long_description>The sequel to the (unreleased) Retro Tennis 1. The first one was so bad I decided to make a 2nd one and not release the 1st one. This game has menu's, sound, and tons of easy to use options for your choice of gameplay.
</long_description>
<ahb_access/>
</app>
