<?xml version="1.0" encoding="UTF-8" standalone="yes"?>
<app version="1">
	<name>Retro Tennis 3</name>
	<version>1.0.0</version>
	<release_date>20210814112632</release_date>
	<coder>ZombieNW</coder>
	<short_description>The finale to Retro Tennis.</short_description>
	<long_description>After 3 games and a few weeks, the tennis themed wii series is coming to an end. This exciting grand finale brings the classic game into the 3rd dimension, with better menus and sound, and an adjustable 3d environment. It's sure to be a blast
</long_description>
<ahb_access/>
</app>
